Nombre;Zona;BanderaAzul;QCalidad;Concejo;Accesos;Tipo_Playa;Salvamento;Puntos_Accesibles;Servicios;Longitud_m;Coordenadas
Playa Gueirúa;Occidente de Asturias;;;Cudillero;A pie fácil;Cantos rodados;;;;120;+43.563202,-6.310158
Playa de San Juan de Nieva;Centro de Asturias;;;Castrillón;A pie fácil y coche;Arena dorada;;;Playa sin Humo,Servicio hostelería,Duchas,Aseos,Aparcamiento,Accesible,Servicio salvamento,Surf;500;+43.586577,-5.942616
Playa de Oleiros;Occidente de Asturias;;;Cudillero;A pie fácil;Cantos rodados;;;;700;+43.572423,-6.202260
Playa de las Cámaras o Los Frailes;Oriente de Asturias;;;Llanes;A pie fácil y coche;Arena blanca;;;Servicio hostelería,Duchas,Aseos,Aparcamiento,Accesible,Servicio salvamento;100;+43.431682,-4.808468
Playa de San Lorenzo;Centro de Asturias;;;Gijón;A pie fácil y coche;Arena dorada;;;Playa sin Humo,Servicio hostelería,Duchas,Aseos,Aparcamiento,Servicio salvamento,Surf,Alquiler de tumbonas;1.500;+43.541412,-5.655521
Playa de Pormenande;Occidente de Asturias;;;El Franco;A pie y coche;Cantos rodados;;;Playa sin Humo,Servicio hostelería,Duchas,Aseos,Aparcamiento,Servicio salvamento,Área Recreativa;190;+43.563877,-6.828050
Playa de Sevalle;Oriente de Asturias;;;Llanes;A pie díficil;Arena blanca y rocas;;;;120;+43.443596,-4.840461
Playa de Gulpiyuri;Oriente de Asturias;;;Llanes;A pie;Arena gruesa;;;Chiringuito (próximo en temporada);40;+43.44756,-4.88613
Playa del Barrigón;Oriente de Asturias;;;Colunga;A través de unas escaleras.;Arena dorada;;;;;43.476353,-5.220205
Playón de Bayas/El Sablón;Centro de Asturias;;;Castrillón;A pie fácil y coche;Arena fina;;;Playa sin Humo,Duchas,Aparcamiento,Servicio salvamento,Surf;2.800;+43.574733,-6.042395
Playa de San Antonio;Oriente de Asturias;;;Llanes;A pie fácil;Arena blanca;;;;70;+43.45952,-4.92836
Playa La Franca;Oriente de Asturias;;;Ribadedeva;A pie y coche;Arena dorada;;;Servicio hostelería,Duchas,Aseos,Aparcamiento,Accesible,Servicio salvamento;260;+43.393494,-4.576155
Playa de Foxos;Occidente de Asturias;;;Coaña;A pie fácil y coche;Arena dorada;;;Aparcamiento;150;+43.55648,-6.72672
Playa de Puertu Chicu;Oriente de Asturias;;;Llanes;A pie fácil y coche;Arena blanca;;;Servicio hostelería,Duchas,Aparcamiento;150;+43.418885,-4.747683
Playa de Bañugues;Centro de Asturias;;;Gozón;A pie fácil y coche;Arena dorada;;;Servicio hostelería,Duchas,Aseos,Aparcamiento,Accesible,Servicio salvamento;131;+43.62915,-5.80975
Playa Penarronda;Occidente de Asturias;true;;Castropol y Tapia de Casariego;A pie y coche  ;Arena fina dorada;;;Playa sin Humo,Servicio hostelería,Duchas,Aparcamiento,Accesible,Servicio salvamento,Surf;600;+43.553214,-6.996035
Playa de Xivares;Centro de Asturias;;;Carreño;A pie fácil y coche;Arena dorada;Diario: 10/06 a 14/09.;Rampa hasta la arena.;Aparcamiento de pago,Duchas y lavapiés,Aseos,Área Recreativa,Playa sin Humo;800;43.569996,-5.718760
Playa de Cue, Antilles o Canales;Oriente de Asturias;;;Llanes;A pie fácil y coche;Arena blanca;;;Duchas,Aparcamiento,Área Recreativa;380;+43.416628,-4.731119
Playa de Campiechos;Occidente de Asturias;;;Valdés;A pie fácil y coche;Bolos;;;Admite animales;400;+43.558296,-6.393218
Playa Arenal de Morís;Oriente de Asturias;;;Caravia;Rodado.;Arena fina, color tostado.;Diario: 01/06 a 30/09.;Aparcamiento (con plazas reservadas). Baños adaptados. Duchas y lavapiés habilitados Rampa de acceso al arenal (bastante pronunciada). En zonas de la playa los cantos rodados pueden dificultar la accesibilidad.;Aparcamiento de pago,Aseos,Duchas y lavapiés,Zona de merendero,Servicio de limpieza;800;43.474690,-5.173349
Playa de Cuevas del Mar;Oriente de Asturias;;;Llanes;A pie y coche;Arena dorada;;;Servicio hostelería,Duchas,Aseos,Aparcamiento,Servicio salvamento;125;+43.45742,-4.93657
Playa de Peñarrubia;Centro de Asturias;;;Gijón;A pie;Arena dorada y grava;;;Duchas,Aparcamiento,Surf;550;+43.551606, -5.624444
Playa de Buelna o Las Arenillas;Oriente de Asturias;;;Llanes;A pie fácil y coche;Arena blanca;;;Aparcamiento;50;+43.395751,-4.618399
Playa de Merón;Centro de Asturias;;;Villaviciosa;A pie y coche;Grava y arena blanca;;;Aparcamiento,Servicio salvamento;200;+43.54388, -5.49449
Playa del Sablón;Oriente de Asturias;;;Llanes;A pie y coche;Arena dorada;;;Servicio hostelería,Duchas,Aseos,Accesible,Aparcamiento,Servicio salvamento;100;+43.42294,-4.75275
Playa del Moro;Occidente de Asturias;;;Navia;A pie fácil;Arena gruesa oscura;;;Aparcamiento,Surf;100;+43.558395,-6.716915
Playa de Arnao;Occidente de Asturias;true;;Castropol;A pie y coche ;Arena fina dorada;;;Duchas,Aseos,Aparcamiento,Área recreativa,Servicio salvamento;450;+43.549084,-7.021937
Playa España;Oriente de Asturias;;;Villaviciosa;A pie fácil y coche;Arena dorada;;;Servicio hostelería,Duchas,Aparcamiento,Servicio salvamento;440;+43.544838,-5.529050
Playa de L'Arbeyal;Centro de Asturias;;;Gijón;A pie fácil y coche;Arena dorada;;;Playa sin Humo,Servicio hostelería,Duchas,Aseos,Aparcamiento,Servicio salvamento,Servicio alquiler de tumbonas,Alquiler de tumbonas;1.500;+43.54426,-5.69349
Playa de Navia;Occidente de Asturias;;;Navia;A pie y coche;Arena fina oscura;;;Servicio hostelería,Duchas,Aseos,Aparcamiento,Aparcamiento autocaravanas,Servicio salvamento,Surf;330;+43.555434,-6.722165
Playa de Cambaredo;Occidente de Asturias;;;El Franco;Acceso peatonal a través de una escalera de 130 peldaños.;Grava;;;Playa sin Humo,Admite animales;220;43.556184, -6.817541
Playa Tercera o Salinas de Luarca;Occidente de Asturias;true;;Valdés;A pie fácil y coche;Arena oscura;;;Servicio hostelería,Duchas,Accesible,Aseos,Aparcamiento,Servicio salvamento;250;+43.549301,-6.542176
Playa San Pedro La Ribera;Occidente de Asturias;true;;Cudillero;A pie fácil y coche;Arena dorada;;;Servicio hostelería,Duchas,Aseos,Aparcamiento,Accesible,Servicio salvamento;350;+43.578803,-6.220941
Playa de El Oso;Oriente de Asturias;;;Ribadedeva;A pie desde Playa La Franca;Arena blanca;;;;100;+43.393484,-4.571996
Playa de Las Llanas;Centro de Asturias;;;Muros de Nalón;A pie fácil y coche.;Arena fina, bolos y grava;;;Playa sin Humo,Aparcamiento,Servicio salvamento;500;+43.557956,-6.105353
Playa de La Huelga;Oriente de Asturias;;;Llanes;A pie fácil y coche;Arena dorada, bolos y rocas;;;Aparcamiento;180;+43.44959,-4.8975
Playa de Toranda;Oriente de Asturias;;;Llanes;A pie;Arena dorada;;;Servicio hostelería,Duchas,Aseos,Aparcamiento,Área Recreativa,Servicio salvamento;300;+43.441081,-4.839426
Playa de Quintana;Occidente de Asturias;;;Valdés;A pie fácil y rodado (hasta unos metros antes de la bajada a la playa);Canto rodado;;;Admite animales;525;+43.556108,-6.404855
Playa de Carniciega/Carriciega;Centro de Asturias;;;Gozón;A pie.;Arena dorada;;;Aparcamiento;340;+43.62387,-5.88069
Playa Carranques;Centro de Asturias;;;Carreño;A pie y coche;Arena dorada;Diario: 10/06 a 14/09.;Cuenta con una rampa hasta la arena.;Aparcamiento gratuito,Duchas y lavapiés,Aseos,Playa sin Humo;220;+43.57753,-5.74332
Playa de Cobijeru;Oriente de Asturias;;;Llanes;A pie difícil;Arena blanca;;;;30;+43.39613,-4.61044
Playa de Palombina;Oriente de Asturias;;true;Llanes;A pie y coche;Arena dorada;;;Servicio hostelería,Duchas,Aseos,Aparcamiento,Accesible,Servicio salvamento;100;+43.432849,-4.809677
Playa de Arnelles;Occidente de Asturias;;;Coaña;A pie ;Arena fina dorada;;;Duchas,Lavapiés,Aparcamiento,Servicio salvamento,Aparcamiento autocaravanas;330;+43.560163,-6.731981
Playa de Los Quebrantos;Centro de Asturias;;;Soto del Barco;A pie fácil y coche;Arena oscura;;;Playa sin Humo,Servicio hostelería,Duchas,Aseos,Aparcamiento,Accesible,Área Recreativa,Servicio salvamento,Surf;1.400;+43.564969,-6.064864
Playa de Monellos;Occidente de Asturias;;;El Franco;A pie difícil;Bolos;;;Playa sin Humo;100;+43.56251,-6.852036
Playa de Santa María del Mar;Centro de Asturias;true;;Castrillón;A pie fácil y coche;Arena dorada;;;Playa sin Humo,Servicio hostelería,Duchas,Aseos,Aparcamiento,Servicio salvamento,Área Recreativa;300;+43.573365,-5.997291
Playa de Barayo;Occidente de Asturias;;;Valdés y Navia;A pie fácil;Arena fina oscura;;;Aparcamiento,Surf;700;+43.561548,-6.615143
Playa de Torbas;;;;El Franco;A pie;Cantos rodados;;;;40;
Playa de Cueva;Occidente de Asturias;true;;Valdés;A pie fácil y coche;Bolos y arena oscura;;;Aparcamiento,Servicio salvamento,Surf;480;+43.549917,-6.47275
Playa de San Martín o Portiellu;Oriente de Asturias;;;Llanes;A pie díficil;Arena blanca;;;Surf,Servicio salvamento;300;+43.432194,-4.795506
Playa de Santa Gadea/Pantorga;Occidente de Asturias;;;Tapia de Casariego;A pie y en coche;Arena dorada;;;Playa sin Humo,Duchas,Accesible,Surf;200;+43.555555,-6.987388
Playa Peñadoria;Occidente de Asturias;;;Cudillero;A pie fácil;Bolos;;;Aparcamiento;350;+43.58907,-6.242115
Playa de Otur;Occidente de Asturias;true;;Valdés;A pie fácil y coche;Arena fina oscura;;;Duchas,Aseos,Aparcamiento,Servicio salvamento;600;+43.553132,-6.597459
Playa de Poniente o de Pando;Centro de Asturias;;;Gijón;A pie fácil y coche;Arena dorada;;;Playa sin Humo,Servicio hostelería,Duchas,Aseos,Aparcamiento,Accesible,Servicio salvamento;1.500;+43.542507,-5.672323
Playa de Vidiago, Bretones o Novales;Oriente de Asturias;;;Llanes;A pie fácil, coche y tren. Acceso desde Vidiago y Buelna.;Arena blanca y grava;;;Aparcamiento,Servicio salvamento,Surf;200;+43.40165,-4.65198
Playa de Vega;Oriente de Asturias;;;Ribadesella;A pie y coche;Arena dorada;;;Playa sin Humo,Servicio hostelería,Duchas,Aseos,Aparcamiento,Accesible,Servicio salvamento,Surf;1.500;+43.479964,-5.138889
Playa de Pendueles o Castiello;Oriente de Asturias;;;Llanes;A pie fácil, coche y tren;Arena oscura;;;Aparcamiento;150;+43.398466,-4.629998
Playa Mexota (A Mixota);Occidente de Asturias;;;Tapia de Casariego;A pie;Arena blanca;;;Aparcamiento;200;+43.557245,-6.980708
Playa de Cadavedo o Ribeirona;Occidente de Asturias;true;;Valdés;A pie fácil y coche;Bolos y arena oscura;;;Servicio hostelería,Duchas,Aseos,Aparcamiento,Accesible,Área Recreativa,Servicio salvamento;440;+43.552341,-6.371693
Playa de Represas;Occidente de Asturias;;;Tapia de Casariego;A pie o en coche;Cantos rodados y arena de color dorado;;;;;43.569709,-6.937603
Playa de San Antolín;Oriente de Asturias;;;Llanes;A pie fácil y coche;Arena blanca;;;Servicio hostelería,Duchas,Aparcamiento,Servicio salvamento,Surf;1.200;+43.443001,-4.868182
Playa de Barro;Oriente de Asturias;;;Llanes;A pie y coche;Arena dorada;;;Servicio hostelería,Duchas,Aseos,Aparcamiento,Accesible,Servicio salvamento;250;+43.436783,-4.825736
Playa de Aguilar y Playa de Campofrío;Centro de Asturias;true;;Muros de Nalón y Cudillero;A pie fácil y coche;Arena dorada;;;Playa sin Humo,Servicio hostelería,Duchas,Aseos,Servicio salvamento,Accesible,Aparcamiento,Surf,Área recreativa;640;+43.55483,-6.11672
Playa de Castello/Castelo;Occidente de Asturias;;;El Franco;A pie y en coche;Bolos;;;Playa sin Humo,Aparcamiento,Duchas;400;+43.5544,-6.81071
Playa Palmera;Centro de Asturias;;;Carreño;A pie fácil y coche;Arena dorada;Diario: 10/06 a 14/09.;Rampa.  Boyas y redes. Duchas, vestuarios y aseos accesibles. Personal apoyo al baño. Silla anfibia (jueves a domingo y festivos: 12:00 a 19:00 h. Contacto 985 884 888);Aparcamiento próximo gratuito,Duchas y lavapiés,Aseos,Fuentes,Playa sin Humo;240;+43.587525,-5.761127
Playa del Rinconín o El Cervigón;Centro de Asturias;;;Gijón;A pie y coche;Arena oscura;;;Playa sin Humo,Duchas,Aseos,Aparcamiento,Servicio salvamento,Surf,Admite mascotas;250;+43.548348,-5.639019
Playa de Salinas;Centro de Asturias;true;;Castrillón;A pie fácil y coche;Arena dorada;;;Playa sin Humo,Servicio hostelería,Duchas,Aseos,Aparcamiento,Accesible,Servicio salvamento,Surf;2.100;+43.577406,-5.962143
Playa de Serantes/Sarello (Sareyo);Occidente de Asturias;;;Tapia de Casariego;A pie y en coche;Arena fina dorada;;;Servicio hostelería,Duchas,Aparcamiento,Accesible,Servicio salvamento,Surf;200;+43.556726,-6.975224
Playa de Poo;Oriente de Asturias;;;Llanes;A pie fácil y coche;Arena blanca;;;Servicio hostelería,Duchas,Aparcamiento,Servicio salvamento;150;+43.429430,-4.785183
Playa de San Pedro de Antromero;Centro de Asturias;;;Gozón;A pie fácil;Arena dorada;;;Servicio hostelería,Duchas,Servicio salvamento;390;43.601745,-5.772114
Playa de Toró;Oriente de Asturias;;true;Llanes;A pie y coche;Arena dorada;;;Servicio hostelería,Duchas,Aseos,Aparcamiento,Accesible,Servicio salvamento;220;+43.416785,-4.743187
Playa de Lastres / Playa L'Estilleru;Oriente de Asturias;;;Colunga;A pie fácil y coche;Arena dorada, bolos y grava;;;Playa sin Humo,Servicio hostelería,Duchas,Aseos,Aparcamiento,Servicio salvamento;300;43.507567, -5.270211
Cala Salencia;Occidente de Asturias;;;Cudillero;Accedemos desde Novellana por la A8 y tomamos la salida 444. ;Es una cala principalmente compuesta por bolos. ;;;Admite animales;150;+43.57245, -6.28010
Playa de La Isla;Oriente de Asturias;;;Colunga;A pie y en coche;Arena dorada;;;Playa sin Humo,Aparcamiento,Servicio salvamento;1.600;+43.47958,-5.22511
Playa de Estaño;Centro de Asturias;;;Gijón;A pie y coche;Arena dorada y grava;;;Servicio hosteleria,Duchas,Aparcamiento,Servicio salvamento;300;+43.54796,-5.59839
Playa de Riocabo;Occidente de Asturias;;;Cudillero;A pie difícil;Bolos;;;;750;+43.55416,-6.344619
Playa de San Esteban, El Garruncho y El Focarón;Centro de Asturias;;;Muros de Nalón;A pie y en coche.;Grijo fino.;;;Playa sin Humo,Duchas,Solárium,Servicio salvamento,Aparcamiento;60;+43.564726,-6.079535
Playa de Bahínas;Centro de Asturias;;;Castrillón;A pie fácil y coche;Cantos, bloques y arena;;;Playa sin Humo,Duchas,Aseos,Aparcamiento,Accesible,Accesible,Servicio salvamento;210;+43.578277,-6.00626
Playa de Anguileiro/La Grande/Campos;Occidente de Asturias;true;;Tapia de Casariego;A pie y en coche;Arena fina dorada;;;Servicio hostelería,Duchas,Aseos,Aparcamiento,Aparcamiento autocaravanas,Servicio salvamento,Surf;410;+43.566243,-6.949220
Playa Espasa;Oriente de Asturias;;;Caravia y Colunga;Rodado.;Arena fina, color tostado.;Diario: 01/07 a 09/09.;Aparcamiento (con plazas reservadas). Mesa adaptada. Duchas y baños adaptados. Silla anfibia. Rampas y pasarelas El paseo situado detrás de la playa también es accesible.;Aparcamiento de pago,Aseos,Duchas,Zona de merendero,Zona de juegos infantiles,Servicio de limpieza;1.150;+43.47429,-5.21482
Playa del Canal;Oriente de Asturias;;;Llanes;A pie;Arena blanca y bolos;;;;25;+43.45879,-4.94516
Playa del Silencio o Gavieiro;Occidente de Asturias;;;Cudillero;A pie fácil;Bolos;;;Aparcamiento;500;+43.566421,-6.295526
Playa de Verdicio o Tenrero;Centro de Asturias;;;Gozón;A pie fácil y coche;Arena dorada;;;Servicio hostelería,Duchas,Aparcamiento,Servicio salvamento,Surf;330;+43.626322,-5.876741
Playa de Sorraos;Oriente de Asturias;;;Llanes;A pie fácil, coche y tren;Arena dorada y rocas;;;Servicio hostelería,Duchas,Aseos,Aparcamiento;100;+43.436379,-4.822898
Playa la Beciella;Oriente de Asturias;;;Caravia;A pie ;Arena, color tostado.;;;;275;+43.475467,-5.196892
Playa de Almenada;Oriente de Asturias;;;Llanes;A pie fácil;Arena blanca;;;;80;+43.432541,-4.789482
Playa de Moniello;Centro de Asturias;;;Gozón;A pie y en coche.;Bolos;;;Duchas,Aparcamiento;80;+43.629397, -5.794328
Playa de Guadamía;Oriente de Asturias;;;Llanes y Ribadesella;Coche;Arena dorada y bolos;;;;80;+43.45787,-4.9817
Playa La Atalaya;Oriente de Asturias;;;Ribadesella;A pie y coche;Bloques, cantos y gravas;;;Playa sin Humo,Servicio hostelería,Duchas,Aseos,Aparcamiento;100;+43.464284,-5.055104
Playa de Santa Marina;Oriente de Asturias;;true;Ribadesella;A pie y coche;Arena dorada;;;Playa sin Humo,Servicio hostelería,Duchas,Aseos,Aparcamiento,Accesible,Servicio salvamento,Surf;1.200;+43.465361,-5.070060
Playa de La Griega;Oriente de Asturias;;;Colunga;A pie fácil y coche;Arena dorada;;;Playa sin Humo,Servicio hostelería,Duchas,Aseos,Aparcamiento,Accesible,Servicio salvamento;820;43.500317,-5.261936
Playa Concha de Artedo;Occidente de Asturias;true;;Cudillero;A pie fácil y coche;Bolos y arena dorada;;;Servicio hostelería,Duchas,Aparcamiento,Servicio salvamento;760;+43.56453,-6.18882
Playa La Paloma/Esteiro;Occidente de Asturias;;;Tapia de Casariego;A pie y en coche;Arena fina;;;Duchas,Servicio salvamento,Aparcamiento;250;+43.563665,-6.956740
Playa de Troenzo;Oriente de Asturias;;;Llanes;A pie fácil y coche;Arena blanca y bolos;;;Servicio hostelería,Aparcamiento;60;+43.436588,-4.818061
Playa de Torbas;Occidente de Asturias;;;Coaña;A pie y coche;Arena oscura y grava;;;Playa sin Humo,Aparcamiento,Servicio salvamento;730;+43.557517,-6.782338
Playa de Porcía;Occidente de Asturias;;;El Franco y Tapia de Casariego;A pie y en coche;Arena fina dorada;;;Playa sin Humo,Aseos,Duchas,Aparcamiento;240;+43.562570,-6.875401
Playa de Rodiles;Oriente de Asturias;true;;Villaviciosa;A pie fácil y coche;Arena dorada;;;Servicio hostelería,Duchas,Aseos,Aparcamiento,Accesible,Área Recreativa,Servicio salvamento,Surf;1.000;+43.533404,-5.379658
Playa de Frexulfe;Occidente de Asturias;true;;Navia;A pie y coche;Arena fina y tostada;;;Duchas,Aparcamiento,Accesible,Servicio salvamento,Surf;820;+43.559185,-6.674495
Playa de Portizuelo;Occidente de Asturias;;;Valdés;A pie por Villar. A pie y en coche por Barcia (abajo no hay aparcamiento, difícil dar la vuelta);Bolos;;;;100;+43.547866,-6.518020
Playa de San Román o Figueras;Occidente de Asturias;;;Castropol;A pie y coche;Arena gruesa;;;Surf;200;43.539817,-7.027547
Playa de Serín;Centro de Asturias;;;Gijón;A pie;Arena, grava y rocas;;;,;350;+43.550542, -5.610663
Playa de Torimbia;Oriente de Asturias;;;Llanes;A pie;Arena blanca;;;Duchas,Aparcamiento,Servicio salvamento;500;+43.44282,-4.85257
Playa de La Ñora;Centro de Asturias;true;;Villaviciosa;A pie y coche.;Arena dorada;;;Playa sin Humo,Servicio hostelería,Duchas,Aseos,Aparcamiento,Servicio salvamento;150;+43.54721,-5.59002
Playa de Ballota;Oriente de Asturias;;;Llanes;A pie y coche;Arena dorada;;;Servicio hostelería,Duchas,Aseos,Aparcamiento,Servicio salvamento;350;+43.412431,-4.713786
Playas Primera y Segunda de Luarca;Occidente de Asturias;;;Valdés;A pie fácil y coche;Arena oscura;;;Servicio hostelería,Duchas,Aseos,Aparcamiento,Servicio salvamento;480;43.546709,-6.538224
Playa de Arnao;Centro de Asturias;true;;Castrillón;A pie y coche;Arena dorada y bolos;;;Playa sin Humo,Duchas,Aseos,Bar/chiringuito (temporada estival),Aparcamiento,Servicio salvamento;300;+43.577520,-5.980806
Playa de Borizu;Oriente de Asturias;;;Llanes;A pie y coche;Arena dorada;;;Servicio hostelería,Duchas,Aseos,Aparcamiento,Servicio salvamento;400;+43.435713,-4.813811
Playa de Vallina;Occidente de Asturias;;;Cudillero;A pie fácil;Bolos;;;;900;+43.57824,-6.25523
Playa de Xagó;Centro de Asturias;;;Gozón;A pie fácil y coche;Arena dorada;;;Servicio hostelería,Duchas,Aseos,Aparcamiento,Servicio salvamento,Surf;1.500;+43.603176,-5.920246
Playa de Luanco;Centro de Asturias;;;Gozón;A pie y en coche.;Arena dorada;;;Servicio hosteleria,Duchas,Aseos,Aparcamiento,Accesible,Servicio salvamento,Surf;280;+43.618597,-5.787932
Playa de Cueva;Occidente de Asturias;;;Cudillero;A pie difícil;Bolos;;;Aparcamiento;390;+43.583696,-6.24625
Playa Huelgues;Centro de Asturias;;;Carreño;A pie y coche;Arena y roca;Diario: 10/06 a 14/09.;Rampa hasta la arena.;Aparcamiento gratuito,Duchas y lavapiés,Aseos,Área recreativa,Playa sin Humo;200;+43.58246,-5.75177
Playa de la Urbanización/Entreplayas;Occidente de Asturias;;;Tapia de Casariego;A pie y en coche;Bolos y arena;;;;50;+43.567218,-6.954098
Playa El Puntal;Centro de Asturias;;;Villaviciosa;A pie y coche;Arena dorada;;;Playa sin Humo,Duchas,Aparamiento,Servicio salvamento;100;
