fecha,producto,categoria,ciudad,unidades,importe
2026-01-10,Portatil,Informatica,Vitoria,2,1800
2026-01-11,Raton,Informatica,Bilbao,10,250
2026-01-12,Teclado,Informatica,Donostia,5,300
2026-01-13,Monitor,Informatica,Vitoria,3,900
2026-01-14,Portatil,Informatica,Bilbao,1,900
2026-01-15,Raton,Informatica,Vitoria,20,500
2026-01-16,Monitor,Informatica,Donostia,4,1200
2026-01-17,Teclado,Informatica,Bilbao,8,480
2026-01-18,Portatil,Informatica,Donostia,2,1800
2026-01-19,Raton,Informatica,Vitoria,15,375
